{"credentials":{"peers":[{"discovery_host":"2dbff84545e64d02a4ae9650a92e0da5-vp2.us.blockchain.ibm.com","discovery_port":30001,"api_host":"2dbff84545e64d02a4ae9650a92e0da5-vp2.us.blockchain.ibm.com","api_port_tls":5001,"api_port":5001,"event_host":"2dbff84545e64d02a4ae9650a92e0da5-vp2.us.blockchain.ibm.com","event_port":31001,"type":"peer","network_id":"2dbff84545e64d02a4ae9650a92e0da5","container_id":"95cf804ac5eccd7f0c71fd3f808cc215a3c652712e94b2398715413f02f0fa67","id":"2dbff84545e64d02a4ae9650a92e0da5-vp2","api_url":"http://2dbff84545e64d02a4ae9650a92e0da5-vp2.us.blockchain.ibm.com:5001"},{"discovery_host":"2dbff84545e64d02a4ae9650a92e0da5-vp3.us.blockchain.ibm.com","discovery_port":30001,"api_host":"2dbff84545e64d02a4ae9650a92e0da5-vp3.us.blockchain.ibm.com","api_port_tls":5001,"api_port":5001,"event_host":"2dbff84545e64d02a4ae9650a92e0da5-vp3.us.blockchain.ibm.com","event_port":31001,"type":"peer","network_id":"2dbff84545e64d02a4ae9650a92e0da5","container_id":"706a5468e588e55ec23b0274dcabc031a3da8d9e0c2fc9204294c4f769c88351","id":"2dbff84545e64d02a4ae9650a92e0da5-vp3","api_url":"http://2dbff84545e64d02a4ae9650a92e0da5-vp3.us.blockchain.ibm.com:5001"},{"discovery_host":"2dbff84545e64d02a4ae9650a92e0da5-vp0.us.blockchain.ibm.com","discovery_port":30001,"api_host":"2dbff84545e64d02a4ae9650a92e0da5-vp0.us.blockchain.ibm.com","api_port_tls":5001,"api_port":5001,"event_host":"2dbff84545e64d02a4ae9650a92e0da5-vp0.us.blockchain.ibm.com","event_port":31001,"type":"peer","network_id":"2dbff84545e64d02a4ae9650a92e0da5","container_id":"e54a2bc45bb68c62561538c355015f7941988efd8398991016fef47583c44a77","id":"2dbff84545e64d02a4ae9650a92e0da5-vp0","api_url":"http://2dbff84545e64d02a4ae9650a92e0da5-vp0.us.blockchain.ibm.com:5001"},{"discovery_host":"2dbff84545e64d02a4ae9650a92e0da5-vp1.us.blockchain.ibm.com","discovery_port":30001,"api_host":"2dbff84545e64d02a4ae9650a92e0da5-vp1.us.blockchain.ibm.com","api_port_tls":5001,"api_port":5001,"event_host":"2dbff84545e64d02a4ae9650a92e0da5-vp1.us.blockchain.ibm.com","event_port":31001,"type":"peer","network_id":"2dbff84545e64d02a4ae9650a92e0da5","container_id":"8b97dc58cde581734f39b116a1b28574caa561f06de85a49d9d19ad345566718","id":"2dbff84545e64d02a4ae9650a92e0da5-vp1","api_url":"http://2dbff84545e64d02a4ae9650a92e0da5-vp1.us.blockchain.ibm.com:5001"}],"ca":{"2dbff84545e64d02a4ae9650a92e0da5-ca":{"url":"2dbff84545e64d02a4ae9650a92e0da5-ca.us.blockchain.ibm.com:30001","discovery_host":"2dbff84545e64d02a4ae9650a92e0da5-ca.us.blockchain.ibm.com","discovery_port":30001,"api_host":"2dbff84545e64d02a4ae9650a92e0da5-ca.us.blockchain.ibm.com","api_port_tls":30001,"api_port":30001,"type":"ca","network_id":"2dbff84545e64d02a4ae9650a92e0da5","container_id":"c4219454a4f49b5355e94d263303253349fa0471c3425736f76ec1995bfb4b26"}},"users":[{"enrollId":"admin","enrollSecret":"ec446f71bf","affiliation":"group1","username":"admin","secret":"ec446f71bf"},{"enrollId":"WebAppAdmin","enrollSecret":"1a637b09f2","affiliation":"group1","username":"WebAppAdmin","secret":"1a637b09f2"},{"enrollId":"user_type1_0","enrollSecret":"54fef57c9e","affiliation":"group1","username":"user_type1_0","secret":"54fef57c9e"},{"enrollId":"user_type1_1","enrollSecret":"e92e9a6055","affiliation":"group1","username":"user_type1_1","secret":"e92e9a6055"},{"enrollId":"user_type1_2","enrollSecret":"09c675388a","affiliation":"group1","username":"user_type1_2","secret":"09c675388a"},{"enrollId":"user_type1_3","enrollSecret":"b1e8448d14","affiliation":"group1","username":"user_type1_3","secret":"b1e8448d14"},{"enrollId":"user_type1_4","enrollSecret":"486228cadd","affiliation":"group1","username":"user_type1_4","secret":"486228cadd"},{"enrollId":"user_type2_0","enrollSecret":"510e74c5c2","affiliation":"group1","username":"user_type2_0","secret":"510e74c5c2"},{"enrollId":"user_type2_1","enrollSecret":"b5be5e5b0e","affiliation":"group1","username":"user_type2_1","secret":"b5be5e5b0e"},{"enrollId":"user_type2_2","enrollSecret":"7b1d0e5cbb","affiliation":"group1","username":"user_type2_2","secret":"7b1d0e5cbb"},{"enrollId":"user_type2_3","enrollSecret":"45407eefec","affiliation":"group1","username":"user_type2_3","secret":"45407eefec"},{"enrollId":"user_type2_4","enrollSecret":"a7b2970d2c","affiliation":"group1","username":"user_type2_4","secret":"a7b2970d2c"},{"enrollId":"user_type4_0","enrollSecret":"d4fc001c2a","affiliation":"group1","username":"user_type4_0","secret":"d4fc001c2a"},{"enrollId":"user_type4_1","enrollSecret":"6655c3da20","affiliation":"group1","username":"user_type4_1","secret":"6655c3da20"},{"enrollId":"user_type4_2","enrollSecret":"6ee46b014f","affiliation":"group1","username":"user_type4_2","secret":"6ee46b014f"},{"enrollId":"user_type4_3","enrollSecret":"dfaf28e961","affiliation":"group1","username":"user_type4_3","secret":"dfaf28e961"},{"enrollId":"user_type4_4","enrollSecret":"bd2c87211b","affiliation":"group1","username":"user_type4_4","secret":"bd2c87211b"},{"enrollId":"user_type8_0","enrollSecret":"1b188a81db","affiliation":"group1","username":"user_type8_0","secret":"1b188a81db"},{"enrollId":"user_type8_1","enrollSecret":"96bfae1914","affiliation":"group1","username":"user_type8_1","secret":"96bfae1914"},{"enrollId":"user_type8_2","enrollSecret":"d50288c6f3","affiliation":"group1","username":"user_type8_2","secret":"d50288c6f3"},{"enrollId":"user_type8_3","enrollSecret":"6dfd7ce291","affiliation":"group1","username":"user_type8_3","secret":"6dfd7ce291"},{"enrollId":"user_type8_4","enrollSecret":"da8df49fd2","affiliation":"group1","username":"user_type8_4","secret":"da8df49fd2"}],"cert":"https://blockchain-certs.mybluemix.net/us.blockchain.ibm.com.cert","cert_path":"/certs/peer/cert.pem"}}